n,creation_s,addition_s,rotation_call_s,propagation_s,mesh_after_rotation_s,removal_s
4,26.234902143478394,11.4900381565094,1.121255874633789,0.03364086151123047,5.154001951217651,0.07098793983459473
