n,creation_s,addition_s,rotation_call_s,propagation_s,mesh_after_rotation_s,removal_s,zero_communication_s
5,25.087813138961792,11.061784029006958,1.2272629737854004,0.03907608985900879,4.520445108413696,0.12727093696594238,2.67209792137146
5,22.478446006774902,8.05892300605774,1.3124260902404785,0.6537590026855469,5.591109991073608,0.8490738868713379,5.775800943374634
