n,creation_s,addition_s,rotation_call_s,propagation_s,mesh_after_rotation_s,removal_s
4,3.5957908630371094,2.6036489009857178,0.34946393966674805,9.52907419204712,0.16248703002929688,0.23312115669250488
